team_id,team_name,team_link,leagues,nationality,region,players,hits,comments
241,FC Barcelona,https://sofifa.com/team/241/fc-barcelona/,Spain Primera Division (1),Spain,Europe,33,0.1K,76K
243,Real Madrid,https://sofifa.com/team/243/real-madrid/,Spain Primera Division (1),Spain,Europe,33,0.1K,51.7K
45,Juventus,https://sofifa.com/team/45/juventus/,Italian Serie A (1),Italy,Europe,25,<100,26.3K
21,FC Bayern München,https://sofifa.com/team/21/fc-bayern-munchen/,German 1. Bundesliga (1),Germany,Europe,30,<100,60.8K
10,Manchester City,https://sofifa.com/team/10/manchester-city/,English Premier League (1),England,Europe,33,<100,57.9K
73,Paris Saint-Germain,https://sofifa.com/team/73/paris-saint-germain/,French Ligue 1 (1),France,Europe,32,<100,11.4K
240,Atlético Madrid,https://sofifa.com/team/240/atletico-madrid/,Spain Primera Division (1),Spain,Europe,33,<100,2.8K
5,Chelsea,https://sofifa.com/team/5/chelsea/,English Premier League (1),England,Europe,33,<100,86.3K
18,Tottenham Hotspur,https://sofifa.com/team/18/tottenham-hotspur/,English Premier League (1),England,Europe,33,<100,0.1M
9,Liverpool,https://sofifa.com/team/9/liverpool/,English Premier League (1),England,Europe,33,0.1K,0.2M
48,Napoli,https://sofifa.com/team/48/napoli/,Italian Serie A (1),Italy,Europe,24,<100,1.9K
44,Inter,https://sofifa.com/team/44/inter/,Italian Serie A (1),Italy,Europe,26,<100,21.5K
11,Manchester United,https://sofifa.com/team/11/manchester-united/,English Premier League (1),England,Europe,33,<100,0.2M
1,Arsenal,https://sofifa.com/team/1/arsenal/,English Premier League (1),England,Europe,33,0.1K,0.2M
22,Borussia Dortmund,https://sofifa.com/team/22/borussia-dortmund/,German 1. Bundesliga (1),Germany,Europe,31,0.1K,54.5K
236,FC Porto,https://sofifa.com/team/236/fc-porto/,Portuguese Liga ZON SAGRES (1),Portugal,Europe,28,<100,4.5K
245,Ajax,https://sofifa.com/team/245/ajax/,Holland Eredivisie (1),Netherlands,Europe,30,0.1K,7.5K
481,Sevilla FC,https://sofifa.com/team/481/sevilla-fc/,Spain Primera Division (1),Spain,Europe,33,<100,1.2K
461,Valencia CF,https://sofifa.com/team/461/valencia-cf/,Spain Primera Division (1),Spain,Europe,33,<100,1.2K
52,Roma,https://sofifa.com/team/52/roma/,Italian Serie A (1),Italy,Europe,27,<100,4.3K
46,Lazio,https://sofifa.com/team/46/lazio/,Italian Serie A (1),Italy,Europe,27,<100,0.7K
47,Milan,https://sofifa.com/team/47/milan/,Italian Serie A (1),Italy,Europe,28,<100,61.1K
449,Real Betis,https://sofifa.com/team/449/real-betis/,Spain Primera Division (1),Spain,Europe,33,<100,0.5K
32,Bayer 04 Leverkusen,https://sofifa.com/team/32/bayer-04-leverkusen/,German 1. Bundesliga (1),Germany,Europe,25,<100,1K
112172,RB Leipzig,https://sofifa.com/team/112172/rb-leipzig/,German 1. Bundesliga (1),Germany,Europe,32,<100,1.8K
448,Athletic Club de Bilbao,https://sofifa.com/team/448/athletic-club-de-bilbao/,Spain Primera Division (1),Spain,Europe,33,<100,1.1K
7,Everton,https://sofifa.com/team/7/everton/,English Premier League (1),England,Europe,33,<100,2.8K
483,Villarreal CF,https://sofifa.com/team/483/villarreal-cf/,Spain Primera Division (1),Spain,Europe,33,<100,0.2K
234,SL Benfica,https://sofifa.com/team/234/sl-benfica/,Portuguese Liga ZON SAGRES (1),Portugal,Europe,28,<100,23.8K
19,West Ham United,https://sofifa.com/team/19/west-ham-united/,English Premier League (1),England,Europe,33,<100,3.5K
23,Borussia Mönchengladbach,https://sofifa.com/team/23/borussia-monchengladbach/,German 1. Bundesliga (1),Germany,Europe,29,<100,0.5K
69,AS Monaco,https://sofifa.com/team/69/as-monaco/,French Ligue 1 (1),France,Europe,33,<100,2.5K
66,Olympique Lyonnais,https://sofifa.com/team/66/olympique-lyonnais/,French Ligue 1 (1),France,Europe,30,<100,3.9K
95,Leicester City,https://sofifa.com/team/95/leicester-city/,English Premier League (1),England,Europe,33,<100,2.8K
1824,Eintracht Frankfurt,https://sofifa.com/team/1824/eintracht-frankfurt/,German 1. Bundesliga (1),Germany,Europe,33,<100,1.6K
175,VfL Wolfsburg,https://sofifa.com/team/175/vfl-wolfsburg/,German 1. Bundesliga (1),Germany,Europe,31,<100,0.5K
10029,TSG 1899 Hoffenheim,https://sofifa.com/team/10029/tsg-1899-hoffenheim/,German 1. Bundesliga (1),Germany,Europe,28,<100,0.4K
237,Sporting CP,https://sofifa.com/team/237/sporting-cp/,Portuguese Liga ZON SAGRES (1),Portugal,Europe,28,<100,6.2K
219,Olympique de Marseille,https://sofifa.com/team/219/olympique-de-marseille/,French Ligue 1 (1),France,Europe,29,<100,2.1K
457,Real Sociedad,https://sofifa.com/team/457/real-sociedad/,Spain Primera Division (1),Spain,Europe,33,<100,0.2K
34,FC Schalke 04,https://sofifa.com/team/34/fc-schalke-04/,German 1. Bundesliga (1),Germany,Europe,33,<100,2.9K
1799,Crystal Palace,https://sofifa.com/team/1799/crystal-palace/,English Premier League (1),England,Europe,33,<100,0.6K
13,Newcastle United,https://sofifa.com/team/13/newcastle-united/,English Premier League (1),England,Europe,33,<100,1.2K
1943,Bournemouth,https://sofifa.com/team/1943/bournemouth/,English Premier League (1),England,Europe,33,<100,0.5K
450,RC Celta,https://sofifa.com/team/450/rc-celta/,Spain Primera Division (1),Spain,Europe,33,<100,0.2K
452,RCD Espanyol,https://sofifa.com/team/452/rcd-espanyol/,Spain Primera Division (1),Spain,Europe,33,<100,0.1K
467,SD Eibar,https://sofifa.com/team/467/sd-eibar/,Spain Primera Division (1),Spain,Europe,29,<100,78
110,Wolverhampton Wanderers,https://sofifa.com/team/110/wolverhampton-wanderers/,English Premier League (1),England,Europe,33,<100,1.3K
1860,Getafe CF,https://sofifa.com/team/1860/getafe-cf/,Spain Primera Division (1),Spain,Europe,28,<100,0.1K
247,PSV,https://sofifa.com/team/247/psv/,Holland Eredivisie (1),Netherlands,Europe,30,<100,1K
1795,Watford,https://sofifa.com/team/1795/watford/,English Premier League (1),England,Europe,31,<100,0.6K
166,Hertha BSC,https://sofifa.com/team/166/hertha-bsc/,German 1. Bundesliga (1),Germany,Europe,32,<100,0.3K
39,Atalanta,https://sofifa.com/team/39/atalanta/,Italian Serie A (1),Italy,Europe,24,<100,0.6K
54,Torino,https://sofifa.com/team/54/torino/,Italian Serie A (1),Italy,Europe,23,<100,0.3K
38,SV Werder Bremen,https://sofifa.com/team/38/sv-werder-bremen/,German 1. Bundesliga (1),Germany,Europe,32,<100,0.9K
110062,Girona FC,https://sofifa.com/team/110062/girona-fc/,Spain Primera Division (1),Spain,Europe,33,<100,0.2K
1796,Burnley,https://sofifa.com/team/1796/burnley/,English Premier League (1),England,Europe,33,<100,0.4K
100765,Lokomotiv Moscow,https://sofifa.com/team/100765/lokomotiv-moscow/,Rest of World,Russia,Europe,28,<100,44
1877,Boca Juniors,https://sofifa.com/team/1877/boca-juniors/,Argentina Primera División (1),Argentina,South America,27,<100,1.9K
327,Beşiktaş JK,https://sofifa.com/team/327/besiktas-jk/,Turkish Süper Lig (1),Turkey,Europe,28,<100,6.8K
17,Southampton,https://sofifa.com/team/17/southampton/,English Premier League (1),England,Europe,33,<100,1.9K
1896,SC Braga,https://sofifa.com/team/1896/sc-braga/,Portuguese Liga ZON SAGRES (1),Portugal,Europe,28,<100,0.3K
1808,Brighton & Hove Albion,https://sofifa.com/team/1808/brighton-hove-albion/,English Premier League (1),England,Europe,33,<100,0.5K
110374,Fiorentina,https://sofifa.com/team/110374/fiorentina/,Italian Serie A (1),Italy,Europe,22,<100,0.6K
101085,Racing Club,https://sofifa.com/team/101085/racing-club/,Argentina Primera División (1),Argentina,South America,28,<100,0.3K
101014,Medipol Başakşehir FK,https://sofifa.com/team/101014/medipol-basaksehir-fk/,Turkish Süper Lig (1),Turkey,Europe,29,<100,0.2K
1853,Levante UD,https://sofifa.com/team/1853/levante-ud/,Spain Primera Division (1),Spain,Europe,33,<100,78
325,Galatasaray SK,https://sofifa.com/team/325/galatasaray-sk/,Turkish Süper Lig (1),Turkey,Europe,30,<100,10.3K
1876,River Plate,https://sofifa.com/team/1876/river-plate/,Argentina Primera División (1),Argentina,South America,28,<100,2.3K
326,Fenerbahçe SK,https://sofifa.com/team/326/fenerbahce-sk/,Turkish Süper Lig (1),Turkey,Europe,30,<100,8.2K
65,LOSC Lille,https://sofifa.com/team/65/losc-lille/,French Ligue 1 (1),France,Europe,28,<100,0.5K
31,1. FC Köln,https://sofifa.com/team/31/1-fc-koln/,German 2. Bundesliga (2),Germany,Europe,30,<100,0.3K
36,VfB Stuttgart,https://sofifa.com/team/36/vfb-stuttgart/,German 1. Bundesliga (1),Germany,Europe,28,<100,0.4K
1837,Sampdoria,https://sofifa.com/team/1837/sampdoria/,Italian Serie A (1),Italy,Europe,25,<100,0.2K
1819,AS Saint-Étienne,https://sofifa.com/team/1819/as-saint-etienne/,French Ligue 1 (1),France,Europe,32,<100,96
463,Deportivo Alavés,https://sofifa.com/team/463/deportivo-alaves/,Spain Primera Division (1),Spain,Europe,27,<100,81
189,Bologna,https://sofifa.com/team/189/bologna/,Italian Serie A (1),Italy,Europe,29,<100,0.1K
101047,Dynamo Kyiv,https://sofifa.com/team/101047/dynamo-kyiv/,Rest of World,Ukraine,Europe,28,<100,39
101059,Shakhtar Donetsk,https://sofifa.com/team/101059/shakhtar-donetsk/,Rest of World,Ukraine,Europe,28,<100,0.2K
280,Olympiacos CFP,https://sofifa.com/team/280/olympiacos-cfp/,Rest of World,Greece,Europe,26,<100,0.3K
393,PAOK,https://sofifa.com/team/393/paok/,Rest of World,Greece,Europe,28,<100,0.2K
1629,Grêmio,https://sofifa.com/team/1629/gremio/,Campeonato Brasileiro Série A (1),Brazil,South America,20,<100,0.2K
100888,CD Leganés,https://sofifa.com/team/100888/cd-leganes/,Spain Primera Division (1),Spain,Europe,31,<100,31
1970,Tigres U.A.N.L.,https://sofifa.com/team/1970/tigres-uanl/,Mexican Liga MX (1),Mexico,North America,29,<100,4.2K
1032,Monterrey,https://sofifa.com/team/1032/monterrey/,Mexican Liga MX (1),Mexico,North America,27,<100,3.2K
70,Montpellier HSC,https://sofifa.com/team/70/montpellier-hsc/,French Ligue 1 (1),France,Europe,30,<100,80
71,FC Nantes,https://sofifa.com/team/71/fc-nantes/,French Ligue 1 (1),France,Europe,32,<100,0.1K
72,OGC Nice,https://sofifa.com/team/72/ogc-nice/,French Ligue 1 (1),France,Europe,33,<100,0.5K
111974,Sassuolo,https://sofifa.com/team/111974/sassuolo/,Italian Serie A (1),Italy,Europe,26,<100,0.2K
100767,Spartak Moscow,https://sofifa.com/team/100767/spartak-moscow/,Rest of World,Russia,Europe,28,<100,73
231,Club Brugge KV,https://sofifa.com/team/231/club-brugge-kv/,Belgian Jupiler Pro League (1),Belgium,Europe,28,<100,0.2K
246,Feyenoord,https://sofifa.com/team/246/feyenoord/,Holland Eredivisie (1),Netherlands,Europe,29,<100,0.5K
144,Fulham,https://sofifa.com/team/144/fulham/,English Premier League (1),England,Europe,33,<100,1.3K
1842,Cagliari,https://sofifa.com/team/1842/cagliari/,Italian Serie A (1),Italy,Europe,29,<100,74
55,Udinese,https://sofifa.com/team/55/udinese/,Italian Serie A (1),Italy,Europe,27,<100,0.1K
74,Stade Rennais FC,https://sofifa.com/team/74/stade-rennais-fc/,French Ligue 1 (1),France,Europe,30,<100,0.2K
169,1. FSV Mainz 05,https://sofifa.com/team/169/1-fsv-mainz-05/,German 1. Bundesliga (1),Germany,Europe,32,<100,55
110093,Independiente,https://sofifa.com/team/110093/independiente/,Argentina Primera División (1),Argentina,South America,28,<100,0.3K
315,PFC CSKA Moscow,https://sofifa.com/team/315/pfc-cska-moscow/,Rest of World,Russia,Europe,27,<100,0.2K
25,SC Freiburg,https://sofifa.com/team/25/sc-freiburg/,German 1. Bundesliga (1),Germany,Europe,30,<100,72
673,KRC Genk,https://sofifa.com/team/673/krc-genk/,Belgian Jupiler Pro League (1),Belgium,Europe,26,<100,0.1K
1939,Huddersfield Town,https://sofifa.com/team/1939/huddersfield-town/,English Premier League (1),England,Europe,33,<100,0.6K
191,FC Red Bull Salzburg,https://sofifa.com/team/191/fc-red-bull-salzburg/,Austrian Football Bundesliga (1),Austria,Europe,27,<100,0.4K
110556,Genoa,https://sofifa.com/team/110556/genoa/,Italian Serie A (1),Italy,Europe,28,<100,0.3K
1879,Club América,https://sofifa.com/team/1879/club-america/,Mexican Liga MX (1),Mexico,North America,30,<100,1.5K
1048,Internacional,https://sofifa.com/team/1048/internacional/,Campeonato Brasileiro Série A (1),Brazil,South America,20,<100,44
1530,Angers SCO,https://sofifa.com/team/1530/angers-sco/,French Ligue 1 (1),France,Europe,29,<100,11
605,Al Hilal,https://sofifa.com/team/605/al-hilal/,Saudi Abdul L. Jameel League (1),Saudi Arabia,Asia,30,<100,83
78,Celtic,https://sofifa.com/team/78/celtic/,Scottish Premiership (1),Scotland,Europe,28,<100,0.7K
462,Real Valladolid CF,https://sofifa.com/team/462/real-valladolid-cf/,Spain Primera Division (1),Spain,Europe,33,<100,29
480,Rayo Vallecano,https://sofifa.com/team/480/rayo-vallecano/,Spain Primera Division (1),Spain,Europe,33,<100,35
76,RC Strasbourg Alsace,https://sofifa.com/team/76/rc-strasbourg-alsace/,French Ligue 1 (1),France,Europe,30,<100,94
1035,Atlético Mineiro,https://sofifa.com/team/1035/atletico-mineiro/,Campeonato Brasileiro Série A (1),Brazil,South America,20,<100,54
59,FC Girondins de Bordeaux,https://sofifa.com/team/59/fc-girondins-de-bordeaux/,French Ligue 1 (1),France,Europe,32,<100,0.2K
1887,Vitória Guimarães,https://sofifa.com/team/1887/vitoria-guimaraes/,Portuguese Liga ZON SAGRES (1),Portugal,Europe,27,<100,0.1K
379,Stade de Reims,https://sofifa.com/team/379/stade-de-reims/,French Ligue 1 (1),France,Europe,29,<100,25
100409,FC Augsburg,https://sofifa.com/team/100409/fc-augsburg/,German 1. Bundesliga (1),Germany,Europe,33,<100,27
112791,SPAL,https://sofifa.com/team/112791/spal/,Italian Serie A (1),Italy,Europe,25,<100,69
485,Hannover 96,https://sofifa.com/team/485/hannover-96/,German 1. Bundesliga (1),Germany,Europe,33,<100,56
568,Cruzeiro,https://sofifa.com/team/568/cruzeiro/,Campeonato Brasileiro Série A (1),Brazil,South America,20,<100,57
573,Málaga CF,https://sofifa.com/team/573/malaga-cf/,Spanish Segunda División (2),Spain,Europe,30,<100,0.1K
567,Fluminense,https://sofifa.com/team/567/fluminense/,Campeonato Brasileiro Série A (1),Brazil,South America,20,<100,69
110636,Fortuna Düsseldorf,https://sofifa.com/team/110636/fortuna-dusseldorf/,German 1. Bundesliga (1),Germany,Europe,32,<100,29
1961,Cardiff City,https://sofifa.com/team/1961/cardiff-city/,English Premier League (1),England,Europe,33,<100,0.3K
110839,SD Huesca,https://sofifa.com/team/110839/sd-huesca/,Spain Primera Division (1),Spain,Europe,31,<100,24
50,Parma,https://sofifa.com/team/50/parma/,Italian Serie A (1),Italy,Europe,27,<100,0.3K
1906,AZ Alkmaar,https://sofifa.com/team/1906/az-alkmaar/,Holland Eredivisie (1),Netherlands,Europe,30,<100,55
278,AEK Athens,https://sofifa.com/team/278/aek-athens/,Rest of World,Greece,Europe,27,<100,91
86,Rangers FC,https://sofifa.com/team/86/rangers-fc/,Scottish Premiership (1),Scotland,Europe,28,<100,0.3K
192,Chievo Verona,https://sofifa.com/team/192/chievo-verona/,Italian Serie A (1),Italy,Europe,31,<100,89
896,FC Basel 1893,https://sofifa.com/team/896/fc-basel-1893/,Swiss Super League (1),Switzerland,Europe,27,<100,98
224,Nîmes Olympique,https://sofifa.com/team/224/nimes-olympique/,French Ligue 1 (1),France,Europe,27,<100,22
229,RSC Anderlecht,https://sofifa.com/team/229/rsc-anderlecht/,Belgian Jupiler Pro League (1),Belgium,Europe,28,<100,0.4K
232,Standard de Liège,https://sofifa.com/team/232/standard-de-liege/,Belgian Jupiler Pro League (1),Belgium,Europe,26,<100,85
109,West Bromwich Albion,https://sofifa.com/team/109/west-bromwich-albion/,English League Championship (2),England,Europe,30,<100,0.5K
242,Deportivo de La Coruña,https://sofifa.com/team/242/deportivo-de-la-coruna/,Spanish Segunda División (2),Spain,Europe,30,<100,0.2K
62,En Avant de Guingamp,https://sofifa.com/team/62/en-avant-de-guingamp/,French Ligue 1 (1),France,Europe,31,<100,35
1809,Toulouse Football Club,https://sofifa.com/team/1809/toulouse-football-club/,French Ligue 1 (1),France,Europe,26,<100,0.1K
8,Leeds United,https://sofifa.com/team/8/leeds-united/,English League Championship (2),England,Europe,30,<100,0.6K
1816,Amiens SC,https://sofifa.com/team/1816/amiens-sc/,French Ligue 1 (1),France,Europe,29,<100,41
266,SK Slavia Praha,https://sofifa.com/team/266/sk-slavia-praha/,Rest of World,Czech Republic,Europe,26,<100,62
12,Middlesbrough,https://sofifa.com/team/12/middlesbrough/,English League Championship (2),England,Europe,30,<100,0.3K
459,Real Sporting de Gijón,https://sofifa.com/team/459/real-sporting-de-gijon/,Spanish Segunda División (2),Spain,Europe,30,<100,70
1746,Empoli,https://sofifa.com/team/1746/empoli/,Italian Serie A (1),Italy,Europe,29,<100,53
171,1. FC Nürnberg,https://sofifa.com/team/171/1-fc-nurnberg/,German 1. Bundesliga (1),Germany,Europe,30,<100,80
1882,Deportivo Toluca,https://sofifa.com/team/1882/deportivo-toluca/,Mexican Liga MX (1),Mexico,North America,29,<100,0.3K
210,Stade Malherbe Caen,https://sofifa.com/team/210/stade-malherbe-caen/,French Ligue 1 (1),France,Europe,31,<100,20
1792,Norwich City,https://sofifa.com/team/1792/norwich-city/,English League Championship (2),England,Europe,30,<100,0.2K
101101,Junior FC,https://sofifa.com/team/101101/junior-fc/,Colombian Liga Postobón (1),Colombia,South America,28,<100,28
472,UD Las Palmas,https://sofifa.com/team/472/ud-las-palmas/,Spanish Segunda División (2),Spain,Europe,30,<100,0.1K
674,KAA Gent,https://sofifa.com/team/674/kaa-gent/,Belgian Jupiler Pro League (1),Belgium,Europe,28,<100,50
110144,Santos Laguna,https://sofifa.com/team/110144/santos-laguna/,Mexican Liga MX (1),Mexico,North America,24,<100,0.4K
110147,Pachuca,https://sofifa.com/team/110147/pachuca/,Mexican Liga MX (1),Mexico,North America,26,<100,0.4K
2,Aston Villa,https://sofifa.com/team/2/aston-villa/,English League Championship (2),England,Europe,30,<100,0.3K
110980,Colo-Colo,https://sofifa.com/team/110980/colo-colo/,Chilian Campeonato Nacional (1),Chile,South America,26,<100,0.1K
112139,Al Nassr,https://sofifa.com/team/112139/al-nassr/,Saudi Abdul L. Jameel League (1),Saudi Arabia,Asia,30,<100,3
110781,Club León,https://sofifa.com/team/110781/club-leon/,Mexican Liga MX (1),Mexico,North America,30,<100,0.2K
101026,Göztepe SK,https://sofifa.com/team/101026/goztepe-sk/,Turkish Süper Lig (1),Turkey,Europe,27,<100,14
1806,Stoke City,https://sofifa.com/team/1806/stoke-city/,English League Championship (2),England,Europe,30,<100,0.4K
14,Nottingham Forest,https://sofifa.com/team/14/nottingham-forest/,English League Championship (2),England,Europe,30,<100,0.2K
1013,San Lorenzo de Almagro,https://sofifa.com/team/1013/san-lorenzo-de-almagro/,Argentina Primera División (1),Argentina,South America,28,<100,0.2K
110468,Viktoria Plzeň,https://sofifa.com/team/110468/viktoria-plzen/,Rest of World,Czech Republic,Europe,25,<100,9
230,Royal Antwerp FC,https://sofifa.com/team/230/royal-antwerp-fc/,Belgian Jupiler Pro League (1),Belgium,Europe,27,<100,0.7K
1909,Vitesse,https://sofifa.com/team/1909/vitesse/,Holland Eredivisie (1),Netherlands,Europe,27,<100,81
110975,Universidad Católica,https://sofifa.com/team/110975/universidad-catolica/,Chilian Campeonato Nacional (1),Chile,South America,28,<100,29
1794,Sheffield United,https://sofifa.com/team/1794/sheffield-united/,English League Championship (2),England,Europe,30,<100,0.5K
28,Hamburger SV,https://sofifa.com/team/28/hamburger-sv/,German 2. Bundesliga (2),Germany,Europe,30,<100,0.6K
110569,Dijon FCO,https://sofifa.com/team/110569/dijon-fco/,French Ligue 1 (1),France,Europe,26,<100,11
112885,Atlanta United,https://sofifa.com/team/112885/atlanta-united/,USA Major League Soccer (1),United States,North America,30,<100,0.4K
111657,Frosinone,https://sofifa.com/team/111657/frosinone/,Italian Serie A (1),Italy,Europe,27,<100,16
517,Botafogo,https://sofifa.com/team/517/botafogo/,Campeonato Brasileiro Série A (1),Brazil,South America,20,<100,36
110406,Club Atlético Colón,https://sofifa.com/team/110406/club-atletico-colon/,Argentina Primera División (1),Argentina,South America,28,<100,36
1900,Moreirense FC,https://sofifa.com/team/1900/moreirense-fc/,Portuguese Liga ZON SAGRES (1),Portugal,Europe,25,<100,45
111710,Defensa y Justicia,https://sofifa.com/team/111710/defensa-y-justicia/,Argentina Primera División (1),Argentina,South America,28,<100,0.1K
1903,FC Utrecht,https://sofifa.com/team/1903/fc-utrecht/,Holland Eredivisie (1),Netherlands,Europe,30,<100,32
211,Dinamo Zagreb,https://sofifa.com/team/211/dinamo-zagreb/,Rest of World,Croatia,Europe,28,<100,84
267,Sparta Praha,https://sofifa.com/team/267/sparta-praha/,Rest of World,Czech Republic,Europe,26,<100,93
900,BSC Young Boys,https://sofifa.com/team/900/bsc-young-boys/,Swiss Super League (1),Switzerland,Europe,25,<100,51
1889,Os Belenenses,https://sofifa.com/team/1889/os-belenenses/,Portuguese Liga ZON SAGRES (1),Portugal,Europe,27,<100,41
1807,Sheffield Wednesday,https://sofifa.com/team/1807/sheffield-wednesday/,English League Championship (2),England,Europe,30,<100,0.1K
696,Sporting Kansas City,https://sofifa.com/team/696/sporting-kansas-city/,USA Major League Soccer (1),United States,North America,26,<100,54
687,Columbus Crew SC,https://sofifa.com/team/687/columbus-crew-sc/,USA Major League Soccer (1),United States,North America,28,<100,68
688,DC United,https://sofifa.com/team/688/dc-united/,USA Major League Soccer (1),United States,North America,25,<100,35
689,New York Red Bulls,https://sofifa.com/team/689/new-york-red-bulls/,USA Major League Soccer (1),United States,North America,28,<100,0.2K
110827,Real Oviedo,https://sofifa.com/team/110827/real-oviedo/,Spanish Segunda División (2),Spain,Europe,30,<100,39
1968,Cádiz CF,https://sofifa.com/team/1968/cadiz-cf/,Spanish Segunda División (2),Spain,Europe,30,<100,6
101033,Atiker Konyaspor,https://sofifa.com/team/101033/atiker-konyaspor/,Turkish Süper Lig (1),Turkey,Europe,27,<100,28
111678,Club Tijuana,https://sofifa.com/team/111678/club-tijuana/,Mexican Liga MX (1),Mexico,North America,28,<100,0.1K
110580,Rosario Central,https://sofifa.com/team/110580/rosario-central/,Argentina Primera División (1),Argentina,South America,28,<100,46
1854,Albacete BP,https://sofifa.com/team/1854/albacete-bp/,Spanish Segunda División (2),Spain,Europe,30,<100,31
819,FC København,https://sofifa.com/team/819/fc-kobenhavn/,Danish Superliga (1),Denmark,Europe,24,<100,64
744,Rio Ave FC,https://sofifa.com/team/744/rio-ave-fc/,Portuguese Liga ZON SAGRES (1),Portugal,Europe,30,<100,76
742,Bursaspor,https://sofifa.com/team/742/bursaspor/,Turkish Süper Lig (1),Turkey,Europe,30,<100,43
110832,Granada CF,https://sofifa.com/team/110832/granada-cf/,Spanish Segunda División (2),Spain,Europe,30,<100,52
101037,Çaykur Rizespor,https://sofifa.com/team/101037/caykur-rizespor/,Turkish Süper Lig (1),Turkey,Europe,30,<100,5
1898,Boavista FC,https://sofifa.com/team/1898/boavista-fc/,Portuguese Liga ZON SAGRES (1),Portugal,Europe,27,<100,39
670,Sporting de Charleroi,https://sofifa.com/team/670/sporting-de-charleroi/,Belgian Jupiler Pro League (1),Belgium,Europe,28,<100,17
1960,Swansea City,https://sofifa.com/team/1960/swansea-city/,English League Championship (2),England,Europe,30,<100,0.8K
1719,Vitória,https://sofifa.com/team/1719/vitoria/,Campeonato Brasileiro Série A (1),Brazil,South America,20,<100,9
1831,1. FC Union Berlin,https://sofifa.com/team/1831/1-fc-union-berlin/,German 2. Bundesliga (2),Germany,Europe,27,<100,15
112001,América FC (Minas Gerais),https://sofifa.com/team/112001/america-fc-minas-gerais/,Campeonato Brasileiro Série A (1),Brazil,South America,20,<100,4
112026,Benevento,https://sofifa.com/team/112026/benevento/,Italian Serie B (2),Italy,Europe,26,<100,93
111711,Club Atlético Huracán,https://sofifa.com/team/111711/club-atletico-huracan/,Argentina Primera División (1),Argentina,South America,28,<100,21
68,FC Metz,https://sofifa.com/team/68/fc-metz/,French Ligue 2 (2),France,Europe,25,<100,0.1K
101088,Vélez Sarsfield,https://sofifa.com/team/101088/velez-sarsfield/,Argentina Primera División (1),Argentina,South America,28,<100,78
112476,Chapecoense,https://sofifa.com/team/112476/chapecoense/,Campeonato Brasileiro Série A (1),Brazil,South America,20,<100,0.5K
112387,Al Ahli,https://sofifa.com/team/112387/al-ahli/,Saudi Abdul L. Jameel League (1),Saudi Arabia,Asia,30,<100,9
111839,Guangzhou Evergrande Taobao FC,https://sofifa.com/team/111839/guangzhou-evergrande-taobao-fc/,Chinese Super League (1),China PR,Asia,28,<100,55
436,Trabzonspor,https://sofifa.com/team/436/trabzonspor/,Turkish Süper Lig (1),Turkey,Europe,23,<100,0.2K
111339,Kasimpaşa SK,https://sofifa.com/team/111339/kasimpasa-sk/,Turkish Süper Lig (1),Turkey,Europe,24,<100,16
1880,Guadalajara,https://sofifa.com/team/1880/guadalajara/,Mexican Liga MX (1),Mexico,North America,29,<100,3.4K
206,Hellas Verona,https://sofifa.com/team/206/hellas-verona/,Italian Serie B (2),Italy,Europe,27,<100,0.2K
1843,Palermo,https://sofifa.com/team/1843/palermo/,Italian Serie B (2),Italy,Europe,30,<100,98
111144,Seattle Sounders FC,https://sofifa.com/team/111144/seattle-sounders-fc/,USA Major League Soccer (1),United States,North America,25,<100,54
1598,Bahia,https://sofifa.com/team/1598/bahia/,Campeonato Brasileiro Série A (1),Brazil,South America,20,<100,7
113142,Alanyaspor,https://sofifa.com/team/113142/alanyaspor/,Turkish Süper Lig (1),Turkey,Europe,23,<100,15
112996,Los Angeles FC,https://sofifa.com/team/112996/los-angeles-fc/,USA Major League Soccer (1),United States,North America,25,<100,28
1884,Panathinaikos FC,https://sofifa.com/team/1884/panathinaikos-fc/,Rest of World,Greece,Europe,28,<100,99
607,Al Ittihad,https://sofifa.com/team/607/al-ittihad/,Saudi Abdul L. Jameel League (1),Saudi Arabia,Asia,30,<100,13
110395,Club Atlético Lanús,https://sofifa.com/team/110395/club-atletico-lanus/,Argentina Primera División (1),Argentina,South America,28,<100,0.1K
1053,Santos,https://sofifa.com/team/1053/santos/,Campeonato Brasileiro Série A (1),Brazil,South America,20,<100,0.2K
91,Derby County,https://sofifa.com/team/91/derby-county/,English League Championship (2),England,Europe,30,<100,0.2K
479,CA Osasuna,https://sofifa.com/team/479/ca-osasuna/,Spanish Segunda División (2),Spain,Europe,26,<100,35
88,Birmingham City,https://sofifa.com/team/88/birmingham-city/,English League Championship (2),England,Europe,30,<100,0.1K
244,Real Zaragoza,https://sofifa.com/team/244/real-zaragoza/,Spanish Segunda División (2),Spain,Europe,30,<100,17
100831,AD Alcorcón,https://sofifa.com/team/100831/ad-alcorcon/,Spanish Segunda División (2),Spain,Europe,28,<100,4
1801,Preston North End,https://sofifa.com/team/1801/preston-north-end/,English League Championship (2),England,Europe,30,<100,74
101007,MKE Ankaragücü,https://sofifa.com/team/101007/mke-ankaragucu/,Turkish Süper Lig (1),Turkey,Europe,26,<100,6
1881,U.N.A.M.,https://sofifa.com/team/1881/unam/,Mexican Liga MX (1),Mexico,North America,29,<100,3.8K
199,Perugia,https://sofifa.com/team/199/perugia/,Italian Serie B (2),Italy,Europe,27,<100,9
693,Chicago Fire,https://sofifa.com/team/693/chicago-fire/,USA Major League Soccer (1),United States,North America,27,<100,44
110831,CD Lugo,https://sofifa.com/team/110831/cd-lugo/,Spanish Segunda División (2),Spain,Europe,30,<100,8
260,CD Tenerife,https://sofifa.com/team/260/cd-tenerife/,Spanish Segunda División (2),Spain,Europe,30,<100,30
680,Sint-Truidense VV,https://sofifa.com/team/680/sint-truidense-vv/,Belgian Jupiler Pro League (1),Belgium,Europe,28,<100,16
1793,Reading,https://sofifa.com/team/1793/reading/,English League Championship (2),England,Europe,30,<100,0
1893,Clube Sport Marítimo,https://sofifa.com/team/1893/clube-sport-maritimo/,Portuguese Liga ZON SAGRES (1),Portugal,Europe,30,<100,16
110502,SV Darmstadt 98,https://sofifa.com/team/110502/sv-darmstadt-98/,German 2. Bundesliga (2),Germany,Europe,30,<100,0.1K
1952,Hull City,https://sofifa.com/team/1952/hull-city/,English League Championship (2),England,Europe,30,<100,0.3K
112670,Club Atlético Talleres,https://sofifa.com/team/112670/club-atletico-talleres/,Argentina Primera División (1),Argentina,South America,28,<100,0
111730,Kawasaki Frontale,https://sofifa.com/team/111730/kawasaki-frontale/,Japanese J. League Division 1 (1),Japan,Asia,30,<100,13
112828,New York City FC,https://sofifa.com/team/112828/new-york-city-fc/,USA Major League Soccer (1),United States,North America,24,<100,87
111715,Club Atlético Tigre,https://sofifa.com/team/111715/club-atletico-tigre/,Argentina Primera División (1),Argentina,South America,28,<100,23
111340,Akhisar Belediyespor,https://sofifa.com/team/111340/akhisar-belediyespor/,Turkish Süper Lig (1),Turkey,Europe,27,<100,22
1919,Bristol City,https://sofifa.com/team/1919/bristol-city/,English League Championship (2),England,Europe,30,<100,0.2K
15005,SV Zulte-Waregem,https://sofifa.com/team/15005/sv-zulte-waregem/,Belgian Jupiler Pro League (1),Belgium,Europe,26,<100,11
160,VfL Bochum 1848,https://sofifa.com/team/160/vfl-bochum-1848/,German 2. Bundesliga (2),Germany,Europe,30,<100,31
320,Malmö FF,https://sofifa.com/team/320/malmo-ff/,Swedish Allsvenskan (1),Sweden,Europe,24,<100,96
101083,Estudiantes de La Plata,https://sofifa.com/team/101083/estudiantes-de-la-plata/,Argentina Primera División (1),Argentina,South America,28,<100,0.1K
1039,Atlético Paranaense,https://sofifa.com/team/1039/atletico-paranaense/,Campeonato Brasileiro Série A (1),Brazil,South America,20,<100,21
518,GD Chaves,https://sofifa.com/team/518/gd-chaves/,Portuguese Liga ZON SAGRES (1),Portugal,Europe,28,<100,60
111139,Montreal Impact,https://sofifa.com/team/111139/montreal-impact/,USA Major League Soccer (1),United States,North America,25,<100,23
15029,Universidad de Chile,https://sofifa.com/team/15029/universidad-de-chile/,Chilian Campeonato Nacional (1),Chile,South America,28,<100,76
111651,Toronto FC,https://sofifa.com/team/111651/toronto-fc/,USA Major League Soccer (1),United States,North America,29,<100,0.2K
101104,Independiente Santa Fe,https://sofifa.com/team/101104/independiente-santa-fe/,Colombian Liga Postobón (1),Colombia,South America,28,<100,8
113259,Yeni Malatyaspor,https://sofifa.com/team/113259/yeni-malatyaspor/,Turkish Süper Lig (1),Turkey,Europe,27,<100,14
111048,Paraná,https://sofifa.com/team/111048/parana/,Campeonato Brasileiro Série A (1),Brazil,South America,20,<100,2
111138,Minnesota United FC,https://sofifa.com/team/111138/minnesota-united-fc/,USA Major League Soccer (1),United States,North America,24,<100,31
101100,Atlético Nacional,https://sofifa.com/team/101100/atletico-nacional/,Colombian Liga Postobón (1),Colombia,South America,28,<100,91
110150,Querétaro,https://sofifa.com/team/110150/queretaro/,Mexican Liga MX (1),Mexico,North America,29,<100,71
111708,Atlético Tucumán,https://sofifa.com/team/111708/atletico-tucuman/,Argentina Primera División (1),Argentina,South America,28,<100,47
111140,Portland Timbers,https://sofifa.com/team/111140/portland-timbers/,USA Major League Soccer (1),United States,North America,28,<100,38
111239,FC Ingolstadt 04,https://sofifa.com/team/111239/fc-ingolstadt-04/,German 2. Bundesliga (2),Germany,Europe,30,<100,25
190,Brescia,https://sofifa.com/team/190/brescia/,Italian Serie B (2),Italy,Europe,28,<100,63
200,Pescara,https://sofifa.com/team/200/pescara/,Italian Serie B (2),Italy,Europe,28,<100,51
666,CD Aves,https://sofifa.com/team/666/cd-aves/,Portuguese Liga ZON SAGRES (1),Portugal,Europe,30,<100,20
111235,1. FC Heidenheim 1846,https://sofifa.com/team/111235/1-fc-heidenheim-1846/,German 2. Bundesliga (2),Germany,Europe,28,<100,9
1028,Monarcas Morelia,https://sofifa.com/team/1028/monarcas-morelia/,Mexican Liga MX (1),Mexico,North America,29,<100,0.7K
682,KV Oostende,https://sofifa.com/team/682/kv-oostende/,Belgian Jupiler Pro League (1),Belgium,Europe,25,<100,7
101105,Millonarios FC,https://sofifa.com/team/101105/millonarios-fc/,Colombian Liga Postobón (1),Colombia,South America,28,<100,35
111065,Real Salt Lake,https://sofifa.com/team/111065/real-salt-lake/,USA Major League Soccer (1),United States,North America,30,<100,0
101146,Vissel Kobe,https://sofifa.com/team/101146/vissel-kobe/,Japanese J. League Division 1 (1),Japan,Asia,30,<100,38
698,Houston Dynamo,https://sofifa.com/team/698/houston-dynamo/,USA Major League Soccer (1),United States,North America,26,<100,41
101112,Vancouver Whitecaps FC,https://sofifa.com/team/101112/vancouver-whitecaps-fc/,USA Major League Soccer (1),United States,North America,28,<100,0.1K
576,Holstein Kiel,https://sofifa.com/team/576/holstein-kiel/,German 2. Bundesliga (2),Germany,Europe,28,<100,15
111434,US Cremonese,https://sofifa.com/team/111434/us-cremonese/,Italian Serie B (2),Italy,Europe,26,<100,4
100081,KV Kortrijk,https://sofifa.com/team/100081/kv-kortrijk/,Belgian Jupiler Pro League (1),Belgium,Europe,26,<100,2
695,FC Dallas,https://sofifa.com/team/695/fc-dallas/,USA Major League Soccer (1),United States,North America,28,<100,55
694,Colorado Rapids,https://sofifa.com/team/694/colorado-rapids/,USA Major League Soccer (1),United States,North America,26,<100,22
254,SK Rapid Wien,https://sofifa.com/team/254/sk-rapid-wien/,Austrian Football Bundesliga (1),Austria,Europe,25,<100,18
111575,Urawa Red Diamonds,https://sofifa.com/team/111575/urawa-red-diamonds/,Japanese J. League Division 1 (1),Japan,Asia,30,<100,7
665,Vitória de Setúbal,https://sofifa.com/team/665/vitoria-de-setubal/,Portuguese Liga ZON SAGRES (1),Portugal,Europe,29,<100,22
650,ADO Den Haag,https://sofifa.com/team/650/ado-den-haag/,Holland Eredivisie (1),Netherlands,Europe,28,<100,6
101103,Independiente Medellín,https://sofifa.com/team/101103/independiente-medellin/,Colombian Liga Postobón (1),Colombia,South America,28,<100,9
111019,Argentinos Juniors,https://sofifa.com/team/111019/argentinos-juniors/,Argentina Primera División (1),Argentina,South America,28,<100,23
691,New England Revolution,https://sofifa.com/team/691/new-england-revolution/,USA Major League Soccer (1),United States,North America,26,<100,14
15,Queens Park Rangers,https://sofifa.com/team/15/queens-park-rangers/,English League Championship (2),England,Europe,30,<100,68
741,Antalyaspor,https://sofifa.com/team/741/antalyaspor/,Turkish Süper Lig (1),Turkey,Europe,26,<100,30
110178,SV Sandhausen,https://sofifa.com/team/110178/sv-sandhausen/,German 2. Bundesliga (2),Germany,Europe,29,<100,13
477,CD Numancia,https://sofifa.com/team/477/cd-numancia/,Spanish Segunda División (2),Spain,Europe,29,<100,7
111707,Club Atlético Aldosivi,https://sofifa.com/team/111707/club-atletico-aldosivi/,Argentina Primera División (1),Argentina,South America,28,<100,4
110373,US Salernitana 1919,https://sofifa.com/team/110373/us-salernitana-1919/,Italian Serie B (2),Italy,Europe,26,<100,8
101084,Gimnasia y Esgrima La Plata,https://sofifa.com/team/101084/gimnasia-y-esgrima-la-plata/,Argentina Primera División (1),Argentina,South America,28,<100,25
111706,Godoy Cruz,https://sofifa.com/team/111706/godoy-cruz/,Argentina Primera División (1),Argentina,South America,28,<100,42
111674,Al Shabab,https://sofifa.com/team/111674/al-shabab/,Saudi Abdul L. Jameel League (1),Saudi Arabia,Asia,30,<100,3
111768,Beijing Sinobo Guoan FC,https://sofifa.com/team/111768/beijing-sinobo-guoan-fc/,Chinese Super League (1),China PR,Asia,27,<100,16
417,Molde FK,https://sofifa.com/team/417/molde-fk/,Norwegian Eliteserien (1),Norway,Europe,25,<100,21
378,Stade Brestois 29,https://sofifa.com/team/378/stade-brestois-29/,French Ligue 2 (2),France,Europe,26,<100,3
110404,Club Atlético Banfield,https://sofifa.com/team/110404/club-atletico-banfield/,Argentina Primera División (1),Argentina,South America,28,<100,13
110929,Kaizer Chiefs,https://sofifa.com/team/110929/kaizer-chiefs/,Rest of World,South Africa,Africa,28,<100,41
111928,San Jose Earthquakes,https://sofifa.com/team/111928/san-jose-earthquakes/,USA Major League Soccer (1),United States,North America,28,<100,23
110396,Newell's Old Boys,https://sofifa.com/team/110396/newells-old-boys/,Argentina Primera División (1),Argentina,South America,28,<100,39
1477,Jeonbuk Hyundai Motors,https://sofifa.com/team/1477/jeonbuk-hyundai-motors/,Korean K League Classic (1),Korea Republic,Asia,28,<100,2
15019,Gimnàstic de Tarragona,https://sofifa.com/team/15019/gimnastic-de-tarragona/,Spanish Segunda División (2),Spain,Europe,30,<100,5
2013,KAS Eupen,https://sofifa.com/team/2013/kas-eupen/,Belgian Jupiler Pro League (1),Belgium,Europe,28,<100,43
57,AJ Auxerre,https://sofifa.com/team/57/aj-auxerre/,French Ligue 2 (2),France,Europe,27,<100,14
634,Fortuna Sittard,https://sofifa.com/team/634/fortuna-sittard/,Holland Eredivisie (1),Netherlands,Europe,30,<100,8
110770,FC Sion,https://sofifa.com/team/110770/fc-sion/,Swiss Super League (1),Switzerland,Europe,27,<100,22
4,Bolton Wanderers,https://sofifa.com/team/4/bolton-wanderers/,English League Championship (2),England,Europe,30,<100,38
1914,PEC Zwolle,https://sofifa.com/team/1914/pec-zwolle/,Holland Eredivisie (1),Netherlands,Europe,27,<100,27
110145,Tiburones Rojos de Veracruz,https://sofifa.com/team/110145/tiburones-rojos-de-veracruz/,Mexican Liga MX (1),Mexico,North America,30,<100,0.1K
1907,Willem II,https://sofifa.com/team/1907/willem-ii/,Holland Eredivisie (1),Netherlands,Europe,25,<100,22
64,Racing Club de Lens,https://sofifa.com/team/64/racing-club-de-lens/,French Ligue 2 (2),France,Europe,30,<100,15
111560,Royal Excel Mouscron,https://sofifa.com/team/111560/royal-excel-mouscron/,Belgian Jupiler Pro League (1),Belgium,Europe,28,<100,16
256,FK Austria Wien,https://sofifa.com/team/256/fk-austria-wien/,Austrian Football Bundesliga (1),Austria,Europe,27,<100,12
269,Brøndby IF,https://sofifa.com/team/269/brondby-if/,Danish Superliga (1),Denmark,Europe,27,<100,87
110066,CF Rayo Majadahonda,https://sofifa.com/team/110066/cf-rayo-majadahonda/,Spanish Segunda División (2),Spain,Europe,24,<100,10
217,FC Lorient,https://sofifa.com/team/217/fc-lorient/,French Ligue 2 (2),France,Europe,29,<100,7
453,RCD Mallorca,https://sofifa.com/team/453/rcd-mallorca/,Spanish Segunda División (2),Spain,Europe,29,<100,11
111091,Lechia Gdańsk,https://sofifa.com/team/111091/lechia-gdansk/,Polish T-Mobile Ekstraklasa (1),Poland,Europe,27,<100,54
468,Elche CF,https://sofifa.com/team/468/elche-cf/,Spanish Segunda División (2),Spain,Europe,27,<100,14
469,Extremadura UD,https://sofifa.com/team/469/extremadura-ud/,Spanish Segunda División (2),Spain,Europe,30,<100,5
983,Suwon Samsung Bluewings,https://sofifa.com/team/983/suwon-samsung-bluewings/,Korean K League Classic (1),Korea Republic,Asia,28,<100,2
503,SG Dynamo Dresden,https://sofifa.com/team/503/sg-dynamo-dresden/,German 2. Bundesliga (2),Germany,Europe,27,<100,31
77,Aberdeen,https://sofifa.com/team/77/aberdeen/,Scottish Premiership (1),Scotland,Europe,24,<100,36
749,BB Erzurumspor,https://sofifa.com/team/749/bb-erzurumspor/,Turkish Süper Lig (1),Turkey,Europe,24,<100,9
252,LASK Linz,https://sofifa.com/team/252/lask-linz/,Austrian Football Bundesliga (1),Austria,Europe,25,<100,6
873,Lech Poznań,https://sofifa.com/team/873/lech-poznan/,Polish T-Mobile Ekstraklasa (1),Poland,Europe,27,<100,10
82,Kilmarnock,https://sofifa.com/team/82/kilmarnock/,Scottish Premiership (1),Scotland,Europe,28,<100,15
543,SSV Jahn Regensburg,https://sofifa.com/team/543/ssv-jahn-regensburg/,German 2. Bundesliga (2),Germany,Europe,27,<100,6
506,FC Erzgebirge Aue,https://sofifa.com/team/506/fc-erzgebirge-aue/,German 2. Bundesliga (2),Germany,Europe,27,<100,12
111724,Shandong Luneng TaiShan FC,https://sofifa.com/team/111724/shandong-luneng-taishan-fc/,Chinese Super League (1),China PR,Asia,28,<100,7
347,Lecce,https://sofifa.com/team/347/lecce/,Italian Serie B (2),Italy,Europe,25,<100,17
1750,KSV Cercle Brugge,https://sofifa.com/team/1750/ksv-cercle-brugge/,Belgian Jupiler Pro League (1),Belgium,Europe,28,<100,29
111817,Paris FC,https://sofifa.com/team/111817/paris-fc/,French Ligue 2 (2),France,Europe,25,<100,70
112534,CD Universidad de Concepción,https://sofifa.com/team/112534/cd-universidad-de-concepcion/,Chilian Campeonato Nacional (1),Chile,South America,25,<100,6
110912,Padova,https://sofifa.com/team/110912/padova/,Italian Serie B (2),Italy,Europe,30,<100,1
112578,Rionegro Águilas,https://sofifa.com/team/112578/rionegro-aguilas/,Colombian Liga Postobón (1),Colombia,South America,28,<100,2
113160,Sagan Tosu,https://sofifa.com/team/113160/sagan-tosu/,Japanese J. League Division 1 (1),Japan,Asia,30,<100,14
111035,Lobos BUAP,https://sofifa.com/team/111035/lobos-buap/,Mexican Liga MX (1),Mexico,North America,27,<100,0.2K
101106,Once Caldas,https://sofifa.com/team/101106/once-caldas/,Colombian Liga Postobón (1),Colombia,South America,28,<100,2
294,ESTAC Troyes,https://sofifa.com/team/294/estac-troyes/,French Ligue 2 (2),France,Europe,29,<100,5
1847,Ascoli,https://sofifa.com/team/1847/ascoli/,Italian Serie B (2),Italy,Europe,29,<100,7
110581,Patronato,https://sofifa.com/team/110581/patronato/,Argentina Primera División (1),Argentina,South America,28,<100,4
1861,UD Almería,https://sofifa.com/team/1861/ud-almeria/,Spanish Segunda División (2),Spain,Europe,30,<100,14
113157,Sanfrecce Hiroshima,https://sofifa.com/team/113157/sanfrecce-hiroshima/,Japanese J. League Division 1 (1),Japan,Asia,29,<100,2
110930,Orlando Pirates,https://sofifa.com/team/110930/orlando-pirates/,Rest of World,South Africa,Africa,28,<100,20
1473,Ulsan Hyundai FC,https://sofifa.com/team/1473/ulsan-hyundai-fc/,Korean K League Classic (1),Korea Republic,Asia,28,<100,1
110911,Foggia,https://sofifa.com/team/110911/foggia/,Italian Serie B (2),Italy,Europe,26,<100,9
110588,1. FC Magdeburg,https://sofifa.com/team/110588/1-fc-magdeburg/,German 2. Bundesliga (2),Germany,Europe,27,<100,25
112378,Dalian YiFang FC,https://sofifa.com/team/112378/dalian-yifang-fc/,Chinese Super League (1),China PR,Asia,28,<100,20
112606,Orlando City SC,https://sofifa.com/team/112606/orlando-city-sc/,USA Major League Soccer (1),United States,North America,27,<100,95
112429,Guangzhou R&F FC,https://sofifa.com/team/112429/guangzhou-rf-fc/,Chinese Super League (1),China PR,Asia,28,<100,3
111993,Cittadella,https://sofifa.com/team/111993/cittadella/,Italian Serie B (2),Italy,Europe,27,<100,25
711,BK Häcken,https://sofifa.com/team/711/bk-hacken/,Swedish Allsvenskan (1),Sweden,Europe,25,<100,12
112096,Ettifaq FC,https://sofifa.com/team/112096/ettifaq-fc/,Saudi Abdul L. Jameel League (1),Saudi Arabia,Asia,29,<100,1
708,Hammarby IF,https://sofifa.com/team/708/hammarby-if/,Swedish Allsvenskan (1),Sweden,Europe,27,<100,31
982,FC Seoul,https://sofifa.com/team/982/fc-seoul/,Korean K League Classic (1),Korea Republic,Asia,28,<100,8
111400,Sydney FC,https://sofifa.com/team/111400/sydney-fc/,Australian Hyundai A-League (1),Australia,Asia,25,<100,16
702,IFK Norrköping,https://sofifa.com/team/702/ifk-norrkoping/,Swedish Allsvenskan (1),Sweden,Europe,27,<100,5
614,AC Ajaccio,https://sofifa.com/team/614/ac-ajaccio/,French Ligue 2 (2),France,Europe,27,<100,5
80,Heart of Midlothian,https://sofifa.com/team/80/heart-of-midlothian/,Scottish Premiership (1),Scotland,Europe,28,<100,30
111399,Perth Glory,https://sofifa.com/team/111399/perth-glory/,Australian Hyundai A-League (1),Australia,Asia,25,<100,14
205,Venezia FC,https://sofifa.com/team/205/venezia-fc/,Italian Serie B (2),Italy,Europe,29,<100,12
209,SK Sturm Graz,https://sofifa.com/team/209/sk-sturm-graz/,Austrian Football Bundesliga (1),Austria,Europe,26,<100,15
1971,Excelsior,https://sofifa.com/team/1971/excelsior/,Holland Eredivisie (1),Netherlands,Europe,27,<100,15
894,FC Zürich,https://sofifa.com/team/894/fc-zurich/,Swiss Super League (1),Switzerland,Europe,27,<100,37
89,Charlton Athletic,https://sofifa.com/team/89/charlton-athletic/,English League One (3),England,Europe,28,<100,40
111328,CD Palestino,https://sofifa.com/team/111328/cd-palestino/,Chilian Campeonato Nacional (1),Chile,South America,27,<100,7
226,FC Sochaux-Montbéliard,https://sofifa.com/team/226/fc-sochaux-montbeliard/,French Ligue 2 (2),France,Europe,30,<100,19
101151,Yokohama F. Marinos,https://sofifa.com/team/101151/yokohama-f-marinos/,Japanese J. League Division 1 (1),Japan,Asia,28,<100,7
919,SK Brann,https://sofifa.com/team/919/sk-brann/,Norwegian Eliteserien (1),Norway,Europe,26,<100,5
112116,CD O'Higgins,https://sofifa.com/team/112116/cd-ohiggins/,Chilian Campeonato Nacional (1),Chile,South America,24,<100,10
112092,Nagoya Grampus,https://sofifa.com/team/112092/nagoya-grampus/,Japanese J. League Division 1 (1),Japan,Asia,30,<100,4
100651,VVV-Venlo,https://sofifa.com/team/100651/vvv-venlo/,Holland Eredivisie (1),Netherlands,Europe,26,<100,5
81,Hibernian,https://sofifa.com/team/81/hibernian/,Scottish Premiership (1),Scotland,Europe,26,<100,16
111397,Melbourne Victory,https://sofifa.com/team/111397/melbourne-victory/,Australian Hyundai A-League (1),Australia,Asia,23,<100,23
112391,Al Qadisiyah,https://sofifa.com/team/112391/al-qadisiyah/,Saudi Abdul L. Jameel League (1),Saudi Arabia,Asia,30,<100,4
101150,FC Tokyo,https://sofifa.com/team/101150/fc-tokyo/,Japanese J. League Division 1 (1),Japan,Asia,30,<100,30
110456,Valenciennes FC,https://sofifa.com/team/110456/valenciennes-fc/,French Ligue 2 (2),France,Europe,28,<100,2
112393,Al Taawoun,https://sofifa.com/team/112393/al-taawoun/,Saudi Abdul L. Jameel League (1),Saudi Arabia,Asia,28,<100,8
1815,Clermont Foot 63,https://sofifa.com/team/1815/clermont-foot-63/,French Ligue 2 (2),France,Europe,24,<100,4
112409,Carpi,https://sofifa.com/team/112409/carpi/,Italian Serie B (2),Italy,Europe,30,<100,2
1823,AS Nancy Lorraine,https://sofifa.com/team/1823/as-nancy-lorraine/,French Ligue 2 (2),France,Europe,30,<100,9
322,Grasshopper Club Zürich,https://sofifa.com/team/322/grasshopper-club-zurich/,Swiss Super League (1),Switzerland,Europe,27,<100,15
1844,Livorno,https://sofifa.com/team/1844/livorno/,Italian Serie B (2),Italy,Europe,29,<100,27
112533,CD Antofagasta,https://sofifa.com/team/112533/cd-antofagasta/,Chilian Campeonato Nacional (1),Chile,South America,23,<100,15
1904,NAC Breda,https://sofifa.com/team/1904/nac-breda/,Holland Eredivisie (1),Netherlands,Europe,30,<100,17
1867,Córdoba CF,https://sofifa.com/team/1867/cordoba-cf/,Spanish Segunda División (2),Spain,Europe,25,<100,17
111713,San Martín de San Juan,https://sofifa.com/team/111713/san-martin-de-san-juan/,Argentina Primera División (1),Argentina,South America,28,<100,4
1797,Rotherham United,https://sofifa.com/team/1797/rotherham-united/,English League Championship (2),England,Europe,27,<100,14
110746,Pogoń Szczecin,https://sofifa.com/team/110746/pogon-szczecin/,Polish T-Mobile Ekstraklasa (1),Poland,Europe,26,<100,1
110745,Jagiellonia Białystok,https://sofifa.com/team/110745/jagiellonia-bialystok/,Polish T-Mobile Ekstraklasa (1),Poland,Europe,27,<100,5
167,KFC Uerdingen 05,https://sofifa.com/team/167/kfc-uerdingen-05/,German 3. Bundesliga (3),Germany,Europe,28,<100,26
272,Odense Boldklub,https://sofifa.com/team/272/odense-boldklub/,Danish Superliga (1),Denmark,Europe,24,<100,4
112162,Jiangsu Suning FC,https://sofifa.com/team/112162/jiangsu-suning-fc/,Chinese Super League (1),China PR,Asia,23,<100,8
820,Aalborg BK,https://sofifa.com/team/820/aalborg-bk/,Danish Superliga (1),Denmark,Europe,27,<100,2
710,Djurgårdens IF,https://sofifa.com/team/710/djurgardens-if/,Swedish Allsvenskan (1),Sweden,Europe,26,<100,18
635,De Graafschap,https://sofifa.com/team/635/de-graafschap/,Holland Eredivisie (1),Netherlands,Europe,30,<100,19
112579,Alianza Petrolera,https://sofifa.com/team/112579/alianza-petrolera/,Colombian Liga Postobón (1),Colombia,South America,28,<100,2
112389,Al Faisaly,https://sofifa.com/team/112389/al-faisaly/,Saudi Abdul L. Jameel League (1),Saudi Arabia,Asia,26,<100,1
897,FC Luzern,https://sofifa.com/team/897/fc-luzern/,Swiss Super League (1),Switzerland,Europe,26,<100,11
1949,Scunthorpe United,https://sofifa.com/team/1949/scunthorpe-united/,English League One (3),England,Europe,28,<100,8
111092,Śląsk Wrocław,https://sofifa.com/team/111092/slask-wroclaw/,Polish T-Mobile Ekstraklasa (1),Poland,Europe,27,<100,4
101099,América de Cali,https://sofifa.com/team/101099/america-de-cali/,Colombian Liga Postobón (1),Colombia,South America,28,<100,21
1805,Grenoble Foot 38,https://sofifa.com/team/1805/grenoble-foot-38/,French Ligue 2 (2),France,Europe,26,<100,18
112115,Gangwon FC,https://sofifa.com/team/112115/gangwon-fc/,Korean K League Classic (1),Korea Republic,Asia,28,<100,0
1813,Chamois Niortais Football Club,https://sofifa.com/team/1813/chamois-niortais-football-club/,French Ligue 2 (2),France,Europe,29,<100,3
110977,Unión Española,https://sofifa.com/team/110977/union-espanola/,Chilian Campeonato Nacional (1),Chile,South America,26,<100,29
1832,Karlsruher SC,https://sofifa.com/team/1832/karlsruher-sc/,German 3. Bundesliga (3),Germany,Europe,27,<100,30
112444,Hokkaido Consadole Sapporo,https://sofifa.com/team/112444/hokkaido-consadole-sapporo/,Japanese J. League Division 1 (1),Japan,Asia,26,<100,2
112224,Melbourne City FC,https://sofifa.com/team/112224/melbourne-city-fc/,Australian Hyundai A-League (1),Australia,Asia,25,<100,32
111086,Piast Gliwice,https://sofifa.com/team/111086/piast-gliwice/,Polish T-Mobile Ekstraklasa (1),Poland,Europe,27,<100,20
487,VfL Osnabrück,https://sofifa.com/team/487/vfl-osnabruck/,German 3. Bundesliga (3),Germany,Europe,27,<100,6
920,Vålerenga Fotball,https://sofifa.com/team/920/valerenga-fotball/,Norwegian Eliteserien (1),Norway,Europe,25,<100,2
110316,GFC Ajaccio,https://sofifa.com/team/110316/gfc-ajaccio/,French Ligue 2 (2),France,Europe,26,<100,4
1951,Oxford United,https://sofifa.com/team/1951/oxford-united/,English League One (3),England,Europe,28,<100,33
112392,Al Raed,https://sofifa.com/team/112392/al-raed/,Saudi Abdul L. Jameel League (1),Saudi Arabia,Asia,30,<100,1
83,Motherwell,https://sofifa.com/team/83/motherwell/,Scottish Premiership (1),Scotland,Europe,27,<100,4
101149,Shimizu S-Pulse,https://sofifa.com/team/101149/shimizu-s-pulse/,Japanese J. League Division 1 (1),Japan,Asia,30,<100,2
111723,Deportivo Pasto,https://sofifa.com/team/111723/deportivo-pasto/,Colombian Liga Postobón (1),Colombia,South America,28,<100,2
100628,FC Emmen,https://sofifa.com/team/100628/fc-emmen/,Holland Eredivisie (1),Netherlands,Europe,30,<100,12
101144,Júbilo Iwata,https://sofifa.com/team/101144/jubilo-iwata/,Japanese J. League Division 1 (1),Japan,Asia,30,<100,3
492,SV Wehen Wiesbaden,https://sofifa.com/team/492/sv-wehen-wiesbaden/,German 3. Bundesliga (3),Germany,Europe,24,<100,4
10032,FC Lugano,https://sofifa.com/team/10032/fc-lugano/,Swiss Super League (1),Switzerland,Europe,26,<100,8
1785,SV Mattersburg,https://sofifa.com/team/1785/sv-mattersburg/,Austrian Football Bundesliga (1),Austria,Europe,27,<100,2
550,VfR Aalen,https://sofifa.com/team/550/vfr-aalen/,German 3. Bundesliga (3),Germany,Europe,27,<100,4
700,IF Elfsborg,https://sofifa.com/team/700/if-elfsborg/,Swedish Allsvenskan (1),Sweden,Europe,21,<100,2
100804,St. Johnstone FC,https://sofifa.com/team/100804/st-johnstone-fc/,Scottish Premiership (1),Scotland,Europe,25,<100,6
15009,SCR Altach,https://sofifa.com/team/15009/scr-altach/,Austrian Football Bundesliga (1),Austria,Europe,27,<100,5
112427,Western Sydney Wanderers,https://sofifa.com/team/112427/western-sydney-wanderers/,Australian Hyundai A-League (1),Australia,Asia,25,<100,27
1596,GIF Sundsvall,https://sofifa.com/team/1596/gif-sundsvall/,Swedish Allsvenskan (1),Sweden,Europe,20,<100,8
110597,SV Meppen,https://sofifa.com/team/110597/sv-meppen/,German 3. Bundesliga (3),Germany,Europe,28,<100,5
1873,Wisła Kraków,https://sofifa.com/team/1873/wisla-krakow/,Polish T-Mobile Ekstraklasa (1),Poland,Europe,27,<100,65
111588,Gyeongnam FC,https://sofifa.com/team/111588/gyeongnam-fc/,Korean K League Classic (1),Korea Republic,Asia,28,<100,3
112655,Curicó Unido,https://sofifa.com/team/112655/curico-unido/,Chilian Campeonato Nacional (1),Chile,South America,25,<100,5
1798,Milton Keynes Dons,https://sofifa.com/team/1798/milton-keynes-dons/,English League Two (4),England,Europe,27,<100,35
101145,Kashiwa Reysol,https://sofifa.com/team/101145/kashiwa-reysol/,Japanese J. League Division 1 (1),Japan,Asia,23,<100,5
111393,Adelaide United,https://sofifa.com/team/111393/adelaide-united/,Australian Hyundai A-League (1),Australia,Asia,25,<100,18
420,Górnik Zabrze,https://sofifa.com/team/420/gornik-zabrze/,Polish T-Mobile Ekstraklasa (1),Poland,Europe,27,<100,5
113948,AS Béziers,https://sofifa.com/team/113948/as-beziers/,French Ligue 2 (2),Austria,Europe,28,<100,6
29,1. FC Kaiserslautern,https://sofifa.com/team/29/1-fc-kaiserslautern/,German 3. Bundesliga (3),Germany,Europe,26,<100,24
27,FC Hansa Rostock,https://sofifa.com/team/27/fc-hansa-rostock/,German 3. Bundesliga (3),Germany,Europe,27,<100,12
112276,US Orléans Loiret Football,https://sofifa.com/team/112276/us-orleans-loiret-football/,French Ligue 2 (2),France,Europe,28,<100,4
1804,Bradford City,https://sofifa.com/team/1804/bradford-city/,English League One (3),England,Europe,28,<100,27
1786,Randers FC,https://sofifa.com/team/1786/randers-fc/,Danish Superliga (1),Denmark,Europe,22,<100,4
2056,Daegu FC,https://sofifa.com/team/2056/daegu-fc/,Korean K League Classic (1),Korea Republic,Asia,28,<100,13
112260,Fleetwood Town,https://sofifa.com/team/112260/fleetwood-town/,English League One (3),England,Europe,28,<100,12
898,FC St. Gallen,https://sofifa.com/team/898/fc-st-gallen/,Swiss Super League (1),Switzerland,Europe,27,<100,3
112527,Patriotas Boyacá FC,https://sofifa.com/team/112527/patriotas-boyaca-fc/,Colombian Liga Postobón (1),Colombia,South America,28,<100,4
172,SpVgg Unterhaching,https://sofifa.com/team/172/spvgg-unterhaching/,German 3. Bundesliga (3),Germany,Europe,27,<100,2
112531,Deportes Iquique,https://sofifa.com/team/112531/deportes-iquique/,Chilian Campeonato Nacional (1),Chile,South America,22,<100,0
111822,Wolfsberger AC,https://sofifa.com/team/111822/wolfsberger-ac/,Austrian Football Bundesliga (1),Austria,Europe,27,<100,3
110482,Hallescher FC,https://sofifa.com/team/110482/hallescher-fc/,German 3. Bundesliga (3),Germany,Europe,23,<100,5
110749,Zagłębie Lubin,https://sofifa.com/team/110749/zaglebie-lubin/,Polish T-Mobile Ekstraklasa (1),Poland,Europe,24,<100,3
110747,Cracovia,https://sofifa.com/team/110747/cracovia/,Polish T-Mobile Ekstraklasa (1),Poland,Europe,26,<100,4
110500,Eintracht Braunschweig,https://sofifa.com/team/110500/eintracht-braunschweig/,German 3. Bundesliga (3),Germany,Europe,28,<100,11
1940,Mansfield Town,https://sofifa.com/team/1940/mansfield-town/,English League Two (4),England,Europe,28,<100,12
212,La Berrichonne de Châteauroux,https://sofifa.com/team/212/la-berrichonne-de-chateauroux/,French Ligue 2 (2),France,Europe,29,<100,4
111821,FC Admira Wacker Mödling,https://sofifa.com/team/111821/fc-admira-wacker-modling/,Austrian Football Bundesliga (1),Austria,Europe,27,<100,2
112983,Tianjin Quanjian FC,https://sofifa.com/team/112983/tianjin-quanjian-fc/,Chinese Super League (1),China PR,Asia,28,<100,3
111766,Wellington Phoenix,https://sofifa.com/team/111766/wellington-phoenix/,Australian Hyundai A-League (1),Australia,Asia,23,<100,0.2K
922,Strømsgodset IF,https://sofifa.com/team/922/stromsgodset-if/,Norwegian Eliteserien (1),Norway,Europe,27,<100,8
2045,FC Wacker Innsbruck,https://sofifa.com/team/2045/fc-wacker-innsbruck/,Austrian Football Bundesliga (1),Austria,Europe,27,<100,2
319,IFK Göteborg,https://sofifa.com/team/319/ifk-goteborg/,Swedish Allsvenskan (1),Sweden,Europe,24,<100,20
111082,Arka Gdynia,https://sofifa.com/team/111082/arka-gdynia/,Polish T-Mobile Ekstraklasa (1),Poland,Europe,27,<100,16
822,Vejle Boldklub,https://sofifa.com/team/822/vejle-boldklub/,Danish Superliga (1),Denmark,Europe,27,<100,22
110197,FC Würzburger Kickers,https://sofifa.com/team/110197/fc-wurzburger-kickers/,German 3. Bundesliga (3),Germany,Europe,27,<100,12
1569,Wisła Płock,https://sofifa.com/team/1569/wisla-plock/,Polish T-Mobile Ekstraklasa (1),Poland,Europe,27,<100,3
127,Shrewsbury,https://sofifa.com/team/127/shrewsbury/,English League One (3),England,Europe,28,<100,8
142,Doncaster Rovers,https://sofifa.com/team/142/doncaster-rovers/,English League One (3),England,Europe,28,<100,9
1929,Plymouth Argyle,https://sofifa.com/team/1929/plymouth-argyle/,English League One (3),England,Europe,28,<100,23
1954,Southend United,https://sofifa.com/team/1954/southend-united/,English League One (3),England,Europe,28,<100,14
149,Lincoln City,https://sofifa.com/team/149/lincoln-city/,English League Two (4),England,Europe,28,<100,54
112390,Al Fateh,https://sofifa.com/team/112390/al-fateh/,Saudi Abdul L. Jameel League (1),Saudi Arabia,Asia,27,<100,2
112903,Jaguares de Córdoba,https://sofifa.com/team/112903/jaguares-de-cordoba/,Colombian Liga Postobón (1),Colombia,South America,28,<100,1
111398,Newcastle Jets,https://sofifa.com/team/111398/newcastle-jets/,Australian Hyundai A-League (1),Australia,Asia,25,<100,11
112075,SKN St. Pölten,https://sofifa.com/team/112075/skn-st-polten/,Austrian Football Bundesliga (1),Austria,Europe,24,<100,7
110592,FSV Zwickau,https://sofifa.com/team/110592/fsv-zwickau/,German 3. Bundesliga (3),Germany,Europe,25,<100,1
33,TSV 1860 München,https://sofifa.com/team/33/tsv-1860-munchen/,German 3. Bundesliga (3),Germany,Europe,28,<100,95
1439,Kalmar FF,https://sofifa.com/team/1439/kalmar-ff/,Swedish Allsvenskan (1),Sweden,Europe,27,<100,3
101097,Audax Italiano,https://sofifa.com/team/101097/audax-italiano/,Chilian Campeonato Nacional (1),Chile,South America,20,<100,18
110169,SC Fortuna Köln,https://sofifa.com/team/110169/sc-fortuna-koln/,German 3. Bundesliga (3),Germany,Europe,28,<100,4
113161,Shonan Bellmare,https://sofifa.com/team/113161/shonan-bellmare/,Japanese J. League Division 1 (1),Japan,Asia,30,<100,1
112709,Club Deportes Temuco,https://sofifa.com/team/112709/club-deportes-temuco/,Chilian Campeonato Nacional (1),Chile,South America,24,<100,4
435,Neuchâtel Xamax,https://sofifa.com/team/435/neuchatel-xamax/,Swiss Super League (1),Switzerland,Europe,27,<100,5
1445,Esbjerg fB,https://sofifa.com/team/1445/esbjerg-fb/,Danish Superliga (1),Denmark,Europe,27,<100,12
1446,AC Horsens,https://sofifa.com/team/1446/ac-horsens/,Danish Superliga (1),Denmark,Europe,27,<100,4
112165,Chongqing Dangdai Lifan FC SWM Team,https://sofifa.com/team/112165/chongqing-dangdai-lifan-fc-swm-team/,Chinese Super League (1),China PR,Asia,25,<100,7
180,Dundee FC,https://sofifa.com/team/180/dundee-fc/,Scottish Premiership (1),Scotland,Europe,26,<100,3
621,Livingston FC,https://sofifa.com/team/621/livingston-fc/,Scottish Premiership (1),Scotland,Europe,25,<100,4
1715,FC Thun,https://sofifa.com/team/1715/fc-thun/,Swiss Super League (1),Switzerland,Europe,24,<100,13
112977,Guizhou Hengfeng FC,https://sofifa.com/team/112977/guizhou-hengfeng-fc/,Chinese Super League (1),China PR,Asia,24,<100,5
110700,VfL Sportfreunde Lotte,https://sofifa.com/team/110700/vfl-sportfreunde-lotte/,German 3. Bundesliga (3),Germany,Europe,27,<100,3
1447,SønderjyskE,https://sofifa.com/team/1447/sonderjyske/,Danish Superliga (1),Denmark,Europe,27,<100,10
112526,Envigado FC,https://sofifa.com/team/112526/envigado-fc/,Colombian Liga Postobón (1),Colombia,South America,28,<100,4
1955,Rochdale,https://sofifa.com/team/1955/rochdale/,English League One (3),England,Europe,28,<100,4
111660,Vendsyssel FF,https://sofifa.com/team/111660/vendsyssel-ff/,Danish Superliga (1),Denmark,Europe,27,<100,1
1803,Walsall,https://sofifa.com/team/1803/walsall/,English League One (3),England,Europe,28,<100,8
1945,Bury,https://sofifa.com/team/1945/bury/,English League Two (4),England,Europe,26,<100,18
111083,Korona Kielce,https://sofifa.com/team/111083/korona-kielce/,Polish T-Mobile Ekstraklasa (1),Poland,Europe,27,<100,2
112990,Al Batin,https://sofifa.com/team/112990/al-batin/,Saudi Abdul L. Jameel League (1),Saudi Arabia,Asia,30,<100,0
1962,Bristol Rovers,https://sofifa.com/team/1962/bristol-rovers/,English League One (3),England,Europe,28,<100,8
1800,Coventry City,https://sofifa.com/team/1800/coventry-city/,English League One (3),England,Europe,28,<100,73
917,Stabæk Fotball,https://sofifa.com/team/917/stabaek-fotball/,Norwegian Eliteserien (1),Norway,Europe,27,<100,6
837,Dundalk,https://sofifa.com/team/837/dundalk/,Rep. Ireland Airtricity League (1),Republic of Ireland,Europe,23,<100,15
1802,Gillingham,https://sofifa.com/team/1802/gillingham/,English League One (3),England,Europe,28,<100,9
1935,Colchester United,https://sofifa.com/team/1935/colchester-united/,English League Two (4),England,Europe,28,<100,18
1933,Wycombe Wanderers,https://sofifa.com/team/1933/wycombe-wanderers/,English League One (3),England,Europe,23,<100,36
113459,Kristiansund BK,https://sofifa.com/team/113459/kristiansund-bk/,Norwegian Eliteserien (1),Norway,Europe,25,<100,2
531,SC Preußen Münster,https://sofifa.com/team/531/sc-preussen-munster/,German 3. Bundesliga (3),Germany,Europe,27,<100,15
113458,IK Sirius,https://sofifa.com/team/113458/ik-sirius/,Swedish Allsvenskan (1),Sweden,Europe,27,<100,2
111779,Henan Jianye FC,https://sofifa.com/team/111779/henan-jianye-fc/,Chinese Super League (1),China PR,Asia,26,<100,2
110765,Incheon United FC,https://sofifa.com/team/110765/incheon-united-fc/,Korean K League Classic (1),Korea Republic,Asia,28,<100,3
112537,Beijing Renhe FC,https://sofifa.com/team/112537/beijing-renhe-fc/,Chinese Super League (1),China PR,Asia,28,<100,5
1926,Blackpool,https://sofifa.com/team/1926/blackpool/,English League One (3),England,Europe,27,<100,35
112836,Vegalta Sendai,https://sofifa.com/team/112836/vegalta-sendai/,Japanese J. League Division 1 (1),Japan,Asia,25,<100,3
705,Örebro SK,https://sofifa.com/team/705/orebro-sk/,Swedish Allsvenskan (1),Sweden,Europe,27,<100,12
15015,Burton Albion,https://sofifa.com/team/15015/burton-albion/,English League One (3),England,Europe,23,<100,34
15048,Tranmere Rovers,https://sofifa.com/team/15048/tranmere-rovers/,English League Two (4),England,Europe,28,<100,23
561,Forest Green Rovers,https://sofifa.com/team/561/forest-green-rovers/,English League Two (4),England,Europe,23,<100,0.1K
1937,Notts County,https://sofifa.com/team/1937/notts-county/,English League Two (4),England,Europe,28,<100,53
162,FC Energie Cottbus,https://sofifa.com/team/162/fc-energie-cottbus/,German 3. Bundesliga (3),Germany,Europe,28,<100,4
110591,FC Carl Zeiss Jena,https://sofifa.com/team/110591/fc-carl-zeiss-jena/,German 3. Bundesliga (3),Germany,Europe,25,<100,7
100325,HJK Helsinki,https://sofifa.com/team/100325/hjk-helsinki/,Rest of World,Finland,Europe,27,<100,71
2055,Sangju Sangmu FC,https://sofifa.com/team/2055/sangju-sangmu-fc/,Korean K League Classic (1),Korea Republic,Asia,28,<100,10
110313,Accrington Stanley,https://sofifa.com/team/110313/accrington-stanley/,English League One (3),England,Europe,28,<100,26
112528,Atlético Huila,https://sofifa.com/team/112528/atletico-huila/,Colombian Liga Postobón (1),Colombia,South America,28,<100,4
1480,Carlisle United,https://sofifa.com/team/1480/carlisle-united/,English League Two (4),England,Europe,24,<100,5
1934,Swindon Town,https://sofifa.com/team/1934/swindon-town/,English League Two (4),England,Europe,28,<100,8
111089,Zagłębie Sosnowiec,https://sofifa.com/team/111089/zaglebie-sosnowiec/,Polish T-Mobile Ekstraklasa (1),Poland,Europe,26,<100,2
299,Lillestrøm SK,https://sofifa.com/team/299/lillestrom-sk/,Norwegian Eliteserien (1),Norway,Europe,24,<100,2
112259,AFC Wimbledon,https://sofifa.com/team/112259/afc-wimbledon/,English League One (3),England,Europe,28,<100,25
1463,FK Haugesund,https://sofifa.com/team/1463/fk-haugesund/,Norwegian Eliteserien (1),Norway,Europe,25,<100,4
1920,Oldham Athletic,https://sofifa.com/team/1920/oldham-athletic/,English League Two (4),England,Europe,27,<100,28
143,Exeter City,https://sofifa.com/team/143/exeter-city/,English League Two (4),England,Europe,28,<100,19
1757,Sandefjord Fotball,https://sofifa.com/team/1757/sandefjord-fotball/,Norwegian Eliteserien (1),Norway,Europe,22,<100,2
1930,Northampton Town,https://sofifa.com/team/1930/northampton-town/,English League Two (4),England,Europe,28,<100,70
92,Grimsby Town,https://sofifa.com/team/92/grimsby-town/,English League Two (4),England,Europe,24,<100,35
361,Stevenage,https://sofifa.com/team/361/stevenage/,English League Two (4),England,Europe,28,<100,14
184,Hamilton Academical FC,https://sofifa.com/team/184/hamilton-academical-fc/,Scottish Premiership (1),Scotland,Europe,28,<100,8
1524,IK Start,https://sofifa.com/team/1524/ik-start/,Norwegian Eliteserien (1),Norway,Europe,20,<100,12
1928,Port Vale,https://sofifa.com/team/1928/port-vale/,English League Two (4),England,Europe,28,<100,0
112019,Boyacá Chicó FC,https://sofifa.com/team/112019/boyaca-chico-fc/,Colombian Liga Postobón (1),Colombia,South America,28,<100,2
1936,Cheltenham Town,https://sofifa.com/team/1936/cheltenham-town/,English League Two (4),England,Europe,24,<100,4
918,FK Bodø/Glimt,https://sofifa.com/team/918/fk-bodoglimt/,Norwegian Eliteserien (1),Norway,Europe,27,<100,2
112200,Ranheim Fotball,https://sofifa.com/team/112200/ranheim-fotball/,Norwegian Eliteserien (1),Norway,Europe,25,<100,7
306,Shamrock Rovers,https://sofifa.com/team/306/shamrock-rovers/,Rep. Ireland Airtricity League (1),Republic of Ireland,Europe,20,<100,26
112254,Newport County,https://sofifa.com/team/112254/newport-county/,English League Two (4),England,Europe,24,<100,23
100805,St. Mirren,https://sofifa.com/team/100805/st-mirren/,Scottish Premiership (1),Scotland,Europe,25,<100,8
110890,Crawley Town,https://sofifa.com/team/110890/crawley-town/,English League Two (4),England,Europe,24,<100,11
112448,V-Varen Nagasaki,https://sofifa.com/team/112448/v-varen-nagasaki/,Japanese J. League Division 1 (1),Japan,Asia,24,<100,3
1959,Macclesfield Town,https://sofifa.com/team/1959/macclesfield-town/,English League Two (4),England,Europe,28,<100,12
703,Trelleborgs FF,https://sofifa.com/team/703/trelleborgs-ff/,Swedish Allsvenskan (1),Sweden,Europe,24,<100,1
1944,Cambridge United,https://sofifa.com/team/1944/cambridge-united/,English League Two (4),England,Europe,28,<100,5
346,Yeovil Town,https://sofifa.com/team/346/yeovil-town/,English League Two (4),England,Europe,28,<100,7
422,Cork City,https://sofifa.com/team/422/cork-city/,Rep. Ireland Airtricity League (1),Republic of Ireland,Europe,25,<100,7
111769,Changchun Yatai FC,https://sofifa.com/team/111769/changchun-yatai-fc/,Chinese Super League (1),China PR,Asia,24,<100,2
110854,CF Reus Deportiu,https://sofifa.com/team/110854/cf-reus-deportiu/,Spanish Segunda División (2),Spain,Europe,21,<100,37
423,St. Patrick's Athletic,https://sofifa.com/team/423/st-patricks-athletic/,Rep. Ireland Airtricity League (1),Republic of Ireland,Europe,22,<100,1
113876,Dalkurd FF,https://sofifa.com/team/113876/dalkurd-ff/,Swedish Allsvenskan (1),Sweden,Europe,18,<100,3
357,Morecambe,https://sofifa.com/team/357/morecambe/,English League Two (4),England,Europe,28,<100,33
111705,IF Brommapojkarna,https://sofifa.com/team/111705/if-brommapojkarna/,Swedish Allsvenskan (1),Sweden,Europe,22,<100,3
121,Crewe Alexandra,https://sofifa.com/team/121/crewe-alexandra/,English League Two (4),England,Europe,27,<100,14
112970,Itagüí Leones FC,https://sofifa.com/team/112970/itagui-leones-fc/,Colombian Liga Postobón (1),Colombia,South America,18,<100,1
112668,San Luis de Quillota,https://sofifa.com/team/112668/san-luis-de-quillota/,Chilian Campeonato Nacional (1),Chile,South America,20,<100,3
753,Waterford FC,https://sofifa.com/team/753/waterford-fc/,Rep. Ireland Airtricity League (1),Republic of Ireland,Europe,23,<100,4
305,Bohemian FC,https://sofifa.com/team/305/bohemian-fc/,Rep. Ireland Airtricity League (1),Republic of Ireland,Europe,25,<100,4
445,Derry City,https://sofifa.com/team/445/derry-city/,Rep. Ireland Airtricity League (1),Republic of Ireland,Europe,23,<100,9
563,Sligo Rovers,https://sofifa.com/team/563/sligo-rovers/,Rep. Ireland Airtricity League (1),Republic of Ireland,Europe,20,<100,3
111285,Limerick FC,https://sofifa.com/team/111285/limerick-fc/,Rep. Ireland Airtricity League (1),Republic of Ireland,Europe,19,<100,3
838,Bray Wanderers,https://sofifa.com/team/838/bray-wanderers/,Rep. Ireland Airtricity League (1),Republic of Ireland,Europe,25,<100,19
